{
  "accuracy": [
    0.38235294818878174,
    0.529411792755127,
    0.5196078419685364,
    0.6176470518112183,
    0.6666666865348816,
    0.7549019455909729,
    0.7156862616539001,
    0.6764705777168274,
    0.7647058963775635,
    0.7058823704719543,
    0.7352941036224365,
    0.8039215803146362,
    0.843137264251709,
    0.7843137383460999,
    0.8725489974021912,
    0.8823529481887817,
    0.813725471496582,
    0.8921568393707275,
    0.8921568393707275,
    0.843137264251709,
    0.9019607901573181,
    0.9215686321258545,
    0.9411764740943909,
    0.9019607901573181,
    0.9803921580314636,
    0.9411764740943909,
    0.9509803652763367,
    0.9607843160629272,
    0.9901960492134094,
    0.9607843160629272,
    0.9607843160629272,
    0.9607843160629272,
    1.0,
    0.970588207244873,
    0.9803921580314636,
    0.9803921580314636,
    0.9803921580314636,
    0.9803921580314636,
    0.9901960492134094,
    0.9901960492134094,
    0.9803921580314636,
    0.9901960492134094,
    1.0,
    0.9901960492134094,
    1.0,
    1.0,
    0.9803921580314636,
    1.0,
    0.9803921580314636,
    1.0,
    1.0,
    1.0,
    1.0,
    0.9901960492134094,
    1.0,
    1.0,
    1.0,
    1.0,
    0.9901960492134094,
    1.0
  ],
  "loss": [
    2.619436502456665,
    1.932315468788147,
    1.9788600206375122,
    1.4882184267044067,
    1.4672387838363647,
    0.9772066473960876,
    1.0817382335662842,
    1.0361279249191284,
    0.8185819983482361,
    0.9713383316993713,
    0.8491908311843872,
    0.718991756439209,
    0.5530271530151367,
    0.6545459032058716,
    0.4844304323196411,
    0.5210744738578796,
    0.6010217070579529,
    0.3634229898452759,
    0.37565550208091736,
    0.5940967798233032,
    0.4099314510822296,
    0.3296687602996826,
    0.24723279476165771,
    0.30731797218322754,
    0.1680082082748413,
    0.23876605927944183,
    0.1868956834077835,
    0.22197626531124115,
    0.13118363916873932,
    0.18951191008090973,
    0.15272094309329987,
    0.11682703346014023,
    0.07691817730665207,
    0.07367794960737228,
    0.09742055088281631,
    0.06677699834108353,
    0.10829778760671616,
    0.06447615474462509,
    0.09891984611749649,
    0.06249326840043068,
    0.07205192744731903,
    0.05778943747282028,
    0.02912900224328041,
    0.05162814259529114,
    0.06795759499073029,
    0.04401620104908943,
    0.06061922386288643,
    0.044910501688718796,
    0.05098968744277954,
    0.030659407377243042,
    0.03182109817862511,
    0.060323022305965424,
    0.03879150375723839,
    0.07618185877799988,
    0.023065688088536263,
    0.02169157937169075,
    0.042729172855615616,
    0.02613687328994274,
    0.03815216198563576,
    0.03122391365468502
  ],
  "val_accuracy": [
    0.2631579041481018,
    0.2631579041481018,
    0.3684210479259491,
    0.3684210479259491,
    0.4736842215061188,
    0.5789473652839661,
    0.5789473652839661,
    0.5789473652839661,
    0.5789473652839661,
    0.5789473652839661,
    0.5789473652839661,
    0.5789473652839661,
    0.6315789222717285,
    0.6315789222717285,
    0.6315789222717285,
    0.5789473652839661,
    0.5789473652839661,
    0.5789473652839661,
    0.5789473652839661,
    0.6315789222717285,
    0.6315789222717285,
    0.5263158082962036,
    0.5263158082962036,
    0.4736842215061188,
    0.4736842215061188,
    0.4736842215061188,
    0.5263158082962036,
    0.5789473652839661,
    0.5789473652839661,
    0.5789473652839661,
    0.6315789222717285,
    0.6315789222717285,
    0.5789473652839661,
    0.6315789222717285,
    0.6842105388641357,
    0.6842105388641357,
    0.6842105388641357,
    0.6842105388641357,
    0.6842105388641357,
    0.6842105388641357,
    0.6842105388641357,
    0.6842105388641357,
    0.6842105388641357,
    0.6842105388641357,
    0.6842105388641357,
    0.6842105388641357,
    0.6842105388641357,
    0.6842105388641357,
    0.6315789222717285,
    0.6842105388641357,
    0.6842105388641357,
    0.6842105388641357,
    0.7368420958518982,
    0.6842105388641357,
    0.6842105388641357,
    0.6842105388641357,
    0.7368420958518982,
    0.7894737124443054,
    0.7894737124443054,
    0.7894737124443054
  ],
  "val_loss": [
    1.0921835899353027,
    1.089032769203186,
    1.0820503234863281,
    1.0713129043579102,
    1.061141848564148,
    1.0506950616836548,
    1.0403591394424438,
    1.0304442644119263,
    1.0222705602645874,
    1.01585054397583,
    1.0104954242706299,
    1.0063059329986572,
    1.001572608947754,
    0.9974840879440308,
    0.9928871989250183,
    0.9870932698249817,
    0.9818161129951477,
    0.9781571626663208,
    0.9749914407730103,
    0.9723526835441589,
    0.9698407053947449,
    0.9688220620155334,
    0.9677388072013855,
    0.9648245573043823,
    0.9618709683418274,
    0.9581900238990784,
    0.9537252187728882,
    0.9485884308815002,
    0.9427871704101562,
    0.9351881742477417,
    0.9271674156188965,
    0.9205363392829895,
    0.9131166338920593,
    0.9075032472610474,
    0.9029271006584167,
    0.8989738821983337,
    0.8947842121124268,
    0.8900468945503235,
    0.8847997784614563,
    0.8801238536834717,
    0.8758426308631897,
    0.8700733184814453,
    0.8638116717338562,
    0.859351634979248,
    0.8548515439033508,
    0.8507174253463745,
    0.8475022315979004,
    0.8449273109436035,
    0.8417258858680725,
    0.8385902643203735,
    0.8353638648986816,
    0.8320021629333496,
    0.8268057107925415,
    0.8188003897666931,
    0.8115413188934326,
    0.8051563501358032,
    0.7995842099189758,
    0.7959756255149841,
    0.792523205280304,
    0.7884682416915894
  ],
  "learning_rate": [
    0.0010000000474974513,
    0.0010000000474974513,
    0.0010000000474974513,
    0.0010000000474974513,
    0.0010000000474974513,
    0.0010000000474974513,
    0.0010000000474974513,
    0.0010000000474974513,
    0.0010000000474974513,
    0.0010000000474974513,
    0.0010000000474974513,
    0.0010000000474974513,
    0.0010000000474974513,
    0.0010000000474974513,
    0.0010000000474974513,
    0.0010000000474974513,
    0.0010000000474974513,
    0.0010000000474974513,
    0.0010000000474974513,
    0.0010000000474974513,
    0.0010000000474974513,
    0.0010000000474974513,
    0.0010000000474974513,
    0.0010000000474974513,
    0.0010000000474974513,
    0.0010000000474974513,
    0.0010000000474974513,
    0.0010000000474974513,
    0.0010000000474974513,
    0.0010000000474974513,
    0.0010000000474974513,
    0.0010000000474974513,
    0.0010000000474974513,
    0.0010000000474974513,
    0.0010000000474974513,
    0.0010000000474974513,
    0.0010000000474974513,
    0.0010000000474974513,
    0.0010000000474974513,
    0.0010000000474974513,
    0.0010000000474974513,
    0.0010000000474974513,
    0.0010000000474974513,
    0.0010000000474974513,
    0.0010000000474974513,
    0.0010000000474974513,
    0.0010000000474974513,
    0.0010000000474974513,
    0.0010000000474974513,
    0.0010000000474974513,
    0.0010000000474974513,
    0.0010000000474974513,
    0.0010000000474974513,
    0.0010000000474974513,
    0.0010000000474974513,
    0.0010000000474974513,
    0.0010000000474974513,
    0.0010000000474974513,
    0.0010000000474974513,
    0.0010000000474974513
  ]
}